QUOTE_NUMBER,PART_NUMBER,TOTAL_PRICE,OPPORTUNITY_ID,ACCOUNT_ID
F5Q-00972677,F5-UPGVELQSFP28-SR4,73444.80000000000000000,006Po00000efMf3IAE,00100000002M3jaAAC
F5Q-00974839,F5-ADD-BIG-APM-VE25M,6198.40053000000000000,006Po00000c8qRnIAI,00100000000ulTlAAI
F5Q-00974839,F5-BIG-LTM-VE-25MV18,3716.51364000000000000,006Po00000c8qRnIAI,00100000000ulTlAAI
F5Q-00974839,F5-SVC-BIG-VE+STDL13,1014.86483280000000000,006Po00000c8qRnIAI,00100000000ulTlAAI
F5Q-00974839,F5-SVC-BIG-VE+STDL13,608.50520640000000000,006Po00000c8qRnIAI,00100000000ulTlAAI
F5Q-00986557,F5-BIG-LTM-VE-1G-V18,63148.42800000000000000,006Po00000bh75lIAA,0015000000pVnirAAC
F5Q-00986557,F5-BIG-VE-LAB-V18,0.00000000000000000,006Po00000bh75lIAA,0015000000pVnirAAC
F5Q-00986557,F5-SVC-BIG-VE+PREL13,0.00000000000000000,006Po00000bh75lIAA,0015000000pVnirAAC
F5Q-00986557,F5-SVC-BIG-VE+PREL13,3933.16717500000000000,006Po00000bh75lIAA,0015000000pVnirAAC
F5Q-01007707,F5-NX-LAB-CNE-ACT,0.00000000000000000,006Po00000jNR0pIAG,00100000000ukYNAAY
F5Q-01007707,F5-NX-LAB-CNE-BNDSUB,0.00000000000000000,006Po00000jNR0pIAG,00100000000ukYNAAY
F5Q-01007707,F5-NX-LAB-CNF-CGN,0.00000000000000000,006Po00000jNR0pIAG,00100000000ukYNAAY
F5Q-01007707,F5-NX-LAB-CNF-DNS,0.00000000000000000,006Po00000jNR0pIAG,00100000000ukYNAAY
F5Q-01007707,F5-NX-LAB-CNF-EFW,0.00000000000000000,006Po00000jNR0pIAG,00100000000ukYNAAY
F5Q-01007707,F5-NX-LAB-CNF-PE,0.00000000000000000,006Po00000jNR0pIAG,00100000000ukYNAAY
F5Q-01007707,F5-NX-LAB-CNF-SPK,0.00000000000000000,006Po00000jNR0pIAG,00100000000ukYNAAY
F5Q-01007707,F5-NX-SPT-STD,0.00000000000000000,006Po00000jNR0pIAG,00100000000ukYNAAY
F5Q-01062638,F5-BIG-BT-R10600,547777.51200000000000000,006Po00000r6wilIAA,00130000001xYbGAAU
F5Q-01062638,F5-CREDIT-TRADE-IN,-4000.00000000000000000,006Po00000r6wilIAA,00130000001xYbGAAU
F5Q-01062638,F5-CREDIT-TRADE-IN,-4000.00000000000000000,006Po00000r6wilIAA,00130000001xYbGAAU
F5Q-01062638,F5-CREDIT-TRADE-IN,-4000.00000000000000000,006Po00000r6wilIAA,00130000001xYbGAAU
F5Q-01062638,F5-CREDIT-TRADE-IN,-4000.00000000000000000,006Po00000r6wilIAA,00130000001xYbGAAU
F5Q-01062638,F5-SVC-BIG-PRE-HW351,121064.76480000000000000,006Po00000r6wilIAA,00130000001xYbGAAU
F5Q-01062638,F5-TRG-DEA1-1Y,0.00000000000000000,006Po00000r6wilIAA,00130000001xYbGAAU
F5Q-01062638,F5-TRG-PROD-UNIT,0.00000000000000000,006Po00000r6wilIAA,00130000001xYbGAAU
F5Q-01062638,F5-UPG-QSFP28-SR4,83853.76000000000000000,006Po00000r6wilIAA,00130000001xYbGAAU
F5Q-01062638,F5-UPG-RACK-D,2518.99400000000000000,006Po00000r6wilIAA,00130000001xYbGAAU
F5Q-01083998,F5-UPG-SFP28-SR,3749.92200000000000000,006Po00000f1Gr7IAE,00100000001GK9EAAW
